{
  "type": "FeatureCollection",
  "features": [
    {
      "type": "Feature",
      "properties": {
        "stroke": "#555555",
        "stroke-width": 2,
        "stroke-opacity": 1,
        "fill": "#555555",
        "fill-opacity": 0.5,
        "info": "rectangle"
      },
      "geometry": {
        "type": "Polygon",
        "coordinates": [
          [
            [
              82.144775390625,
              28.627925287618567
            ],
            [
              82.8643798828125,
              28.627925287618567
            ],
            [
              82.8643798828125,
              29.204918463909035
            ],
            [
              82.144775390625,
              29.204918463909035
            ],
            [
              82.144775390625,
              28.627925287618567
            ]
          ]
        ]
      }
    },
    {
      "type": "Feature",
      "properties": {
        "stroke": "#555555",
        "stroke-width": 2,
        "stroke-opacity": 1,
        "fill": "#555555",
        "fill-opacity": 0.5,
        "info": "triangle "
      },
      "geometry": {
        "type": "Polygon",
        "coordinates": [
          [
            [
              84.561767578125,
              27.97499795326776
            ],
            [
              84.8638916015625,
              27.69325634309158
            ],
            [
              85.14404296875,
              28.13981591275445
            ],
            [
              84.561767578125,
              27.97499795326776
            ]
          ]
        ]
      }
    },
    {
      "type": "Feature",
      "properties": {
        "marker-color": "#7e7e7e",
        "marker-size": "medium",
        "marker-symbol": "",
        "info": "marker"
      },
      "geometry": {
        "type": "Point",
        "coordinates": [
          83.60595703125,
          28.033197847676377
        ]
      }
    },
    {
      "type": "Feature",
      "properties": {},
      "geometry": {
        "type": "LineString",
        "coordinates": [
          [
            85.484619140625,
            27.576460076262716
          ],
          [
            85.9405517578125,
            26.912273826625587
          ],
          [
            84.33654785156249,
            27.49365405370312
          ]
        ]
      }
    },
    {
      "type": "Feature",
      "properties": {},
      "geometry": {
        "type": "Polygon",
        "coordinates": [
          [
            [
              83.38623046875,
              28.685768802287086
            ],
            [
              83.16650390625,
              28.78210367383126
            ],
            [
              83.33129882812499,
              28.560400880492832
            ],
            [
              83.90808105468749,
              28.51214261987337
            ],
            [
              84.08935546875,
              28.69058765425071
            ],
            [
              83.990478515625,
              29.022551511168352
            ],
            [
              83.38623046875,
              28.685768802287086
            ]
          ]
        ]
      }
    },
    {
      "type": "Feature",
      "properties": {},
      "geometry": {
        "type": "LineString",
        "coordinates": [
          [
            82.5732421875,
            28.19792655722615
          ],
          [
            83.3367919921875,
            27.537500308359462
          ],
          [
            83.935546875,
            28.057438520876673
          ]
        ]
      }
    }
  ]
}